<?xml version="1.0" encoding="UTF-8" ?>
<module>
    <name>GerencianetPrestashop</name>
    <displayName><![CDATA[Gerencianet]]></displayName>
    <version><![CDATA[1.0.0]]></version>
    <description><![CDATA[Receba pagamentos com Boleto Banc&aacute;rio ou Cart&atilde;o de Cr&eacute;dito ou Pix]]></description>
    <author><![CDATA[Gerencianet]]></author>
    <tab><![CDATA[payments_gateways]]></tab>
	<confirmUninstall><![CDATA[]]></confirmUninstall>
    <is_configurable>1</is_configurable>
    <need_instance>0</need_instance>
	<limited_countries></limited_countries>
</module>